"unitid","institution name","year","C2022_A.First or Second Major","C2022_A.CIP Code -  2020 Classification","CipTitle","C2022_A.Award Level code","C2022_A.Grand total","IDX_C"
"100663","University of Alabama at Birmingham","2022","First major","'26.11'","Biomathematics, Bioinformatics, and Computational Biology","Bachelor's degree","1","-2"
"100663","University of Alabama at Birmingham","2022","First major","'26.11'","Biomathematics, Bioinformatics, and Computational Biology","Master's degree","3","-2"
"100663","University of Alabama at Birmingham","2022","First major","'26.11'","Biomathematics, Bioinformatics, and Computational Biology","Doctor's degree - research/scholarship","3","-2"
"100858","Auburn University","2022","First major","'26.11'","Biomathematics, Bioinformatics, and Computational Biology","Postbaccalaureate certificate","3","-2"
"104151","Arizona State University Campus Immersion","2022","First major","'26.11'","Biomathematics, Bioinformatics, and Computational Biology","Certificates of less than 1 year","9","-2"
"104151","Arizona State University Campus Immersion","2022","First major","'26.11'","Biomathematics, Bioinformatics, and Computational Biology","Bachelor's degree","13","-2"
"104151","Arizona State University Campus Immersion","2022","First major","'26.11'","Biomathematics, Bioinformatics, and Computational Biology","Postbaccalaureate certificate","2","-2"
"104151","Arizona State University Campus Immersion","2022","First major","'26.11'","Biomathematics, Bioinformatics, and Computational Biology","Master's degree","21","-2"
"104151","Arizona State University Campus Immersion","2022","First major","'26.11'","Biomathematics, Bioinformatics, and Computational Biology","Doctor's degree - research/scholarship","3","-2"
"104151","Arizona State University Campus Immersion","2022","First major","'26.11'","Biomathematics, Bioinformatics, and Computational Biology","Certificates of at least 12 weeks but less than 1 year","9","-2"
"104179","University of Arizona","2022","First major","'26.11'","Biomathematics, Bioinformatics, and Computational Biology","Bachelor's degree","2","-2"
"104179","University of Arizona","2022","First major","'26.11'","Biomathematics, Bioinformatics, and Computational Biology","Master's degree","4","-2"
"104179","University of Arizona","2022","First major","'26.11'","Biomathematics, Bioinformatics, and Computational Biology","Doctor's degree - research/scholarship","2","-2"
"106245","University of Arkansas at Little Rock","2022","First major","'26.11'","Biomathematics, Bioinformatics, and Computational Biology","Master's degree","1","-2"
"106245","University of Arkansas at Little Rock","2022","First major","'26.11'","Biomathematics, Bioinformatics, and Computational Biology","Doctor's degree - research/scholarship","4","-2"
"106263","University of Arkansas for Medical Sciences","2022","First major","'26.11'","Biomathematics, Bioinformatics, and Computational Biology","Postbaccalaureate certificate","7","-2"
"106263","University of Arkansas for Medical Sciences","2022","First major","'26.11'","Biomathematics, Bioinformatics, and Computational Biology","Master's degree","2","-2"
"110510","California State University-San Bernardino","2022","First major","'26.11'","Biomathematics, Bioinformatics, and Computational Biology","Bachelor's degree","2","-2"
"110574","California State University-East Bay","2022","First major","'26.11'","Biomathematics, Bioinformatics, and Computational Biology","Master's degree","13","-2"
"110635","University of California-Berkeley","2022","First major","'26.11'","Biomathematics, Bioinformatics, and Computational Biology","Master's degree","9","-2"
"110635","University of California-Berkeley","2022","First major","'26.11'","Biomathematics, Bioinformatics, and Computational Biology","Doctor's degree - research/scholarship","8","-2"
"110644","University of California-Davis","2022","First major","'26.11'","Biomathematics, Bioinformatics, and Computational Biology","Master's degree","12","-2"
"110644","University of California-Davis","2022","First major","'26.11'","Biomathematics, Bioinformatics, and Computational Biology","Doctor's degree - research/scholarship","0","-2"
"110653","University of California-Irvine","2022","First major","'26.11'","Biomathematics, Bioinformatics, and Computational Biology","Bachelor's degree","0","-2"
"110653","University of California-Irvine","2022","First major","'26.11'","Biomathematics, Bioinformatics, and Computational Biology","Master's degree","0","-2"
"110653","University of California-Irvine","2022","First major","'26.11'","Biomathematics, Bioinformatics, and Computational Biology","Doctor's degree - research/scholarship","4","-2"
"110662","University of California-Los Angeles","2022","First major","'26.11'","Biomathematics, Bioinformatics, and Computational Biology","Bachelor's degree","60","-2"
"110662","University of California-Los Angeles","2022","First major","'26.11'","Biomathematics, Bioinformatics, and Computational Biology","Master's degree","26","-2"
"110662","University of California-Los Angeles","2022","First major","'26.11'","Biomathematics, Bioinformatics, and Computational Biology","Doctor's degree - research/scholarship","23","-2"
"110662","University of California-Los Angeles","2022","Second major","'26.11'","Biomathematics, Bioinformatics, and Computational Biology","Bachelor's degree","6","-2"
"110671","University of California-Riverside","2022","First major","'26.11'","Biomathematics, Bioinformatics, and Computational Biology","Master's degree","0","-2"
"110671","University of California-Riverside","2022","First major","'26.11'","Biomathematics, Bioinformatics, and Computational Biology","Doctor's degree - research/scholarship","1","-2"
"110680","University of California-San Diego","2022","First major","'26.11'","Biomathematics, Bioinformatics, and Computational Biology","Bachelor's degree","71","-2"
"110680","University of California-San Diego","2022","First major","'26.11'","Biomathematics, Bioinformatics, and Computational Biology","Master's degree","10","-2"
"110680","University of California-San Diego","2022","First major","'26.11'","Biomathematics, Bioinformatics, and Computational Biology","Doctor's degree - research/scholarship","15","-2"
"110714","University of California-Santa Cruz","2022","First major","'26.11'","Biomathematics, Bioinformatics, and Computational Biology","Bachelor's degree","46","-2"
"110714","University of California-Santa Cruz","2022","First major","'26.11'","Biomathematics, Bioinformatics, and Computational Biology","Master's degree","0","-2"
"110714","University of California-Santa Cruz","2022","First major","'26.11'","Biomathematics, Bioinformatics, and Computational Biology","Doctor's degree - research/scholarship","12","-2"
"115409","Harvey Mudd College","2022","First major","'26.11'","Biomathematics, Bioinformatics, and Computational Biology","Bachelor's degree","8","-2"
"115409","Harvey Mudd College","2022","Second major","'26.11'","Biomathematics, Bioinformatics, and Computational Biology","Bachelor's degree","1","-2"
"117627","La Sierra University","2022","First major","'26.11'","Biomathematics, Bioinformatics, and Computational Biology","Bachelor's degree","0","-2"
"120865","Pacific Union College","2022","First major","'26.11'","Biomathematics, Bioinformatics, and Computational Biology","Bachelor's degree","0","-2"
"122409","San Diego State University","2022","First major","'26.11'","Biomathematics, Bioinformatics, and Computational Biology","Master's degree","9","-2"
"122755","San Jose State University","2022","First major","'26.11'","Biomathematics, Bioinformatics, and Computational Biology","Master's degree","9","-2"
"123165","Scripps College","2022","First major","'26.11'","Biomathematics, Bioinformatics, and Computational Biology","Bachelor's degree","0","-2"
"123961","University of Southern California","2022","First major","'26.11'","Biomathematics, Bioinformatics, and Computational Biology","Bachelor's degree","16","-2"
"123961","University of Southern California","2022","First major","'26.11'","Biomathematics, Bioinformatics, and Computational Biology","Master's degree","43","-2"
"123961","University of Southern California","2022","First major","'26.11'","Biomathematics, Bioinformatics, and Computational Biology","Doctor's degree - research/scholarship","11","-2"
"123961","University of Southern California","2022","Second major","'26.11'","Biomathematics, Bioinformatics, and Computational Biology","Bachelor's degree","1","-2"
"126562","University of Colorado Denver/Anschutz Medical Campus","2022","First major","'26.11'","Biomathematics, Bioinformatics, and Computational Biology","Master's degree","12","-2"
"126562","University of Colorado Denver/Anschutz Medical Campus","2022","First major","'26.11'","Biomathematics, Bioinformatics, and Computational Biology","Doctor's degree - research/scholarship","3","-2"
"129020","University of Connecticut","2022","First major","'26.11'","Biomathematics, Bioinformatics, and Computational Biology","Master's degree","4","129020"
"129941","University of New Haven","2022","First major","'26.11'","Biomathematics, Bioinformatics, and Computational Biology","Postbaccalaureate certificate","2","-2"
"130314","University of Saint Joseph","2022","First major","'26.11'","Biomathematics, Bioinformatics, and Computational Biology","Bachelor's degree","1","-2"
"130794","Yale University","2022","First major","'26.11'","Biomathematics, Bioinformatics, and Computational Biology","Master's degree","26","-2"
"130794","Yale University","2022","First major","'26.11'","Biomathematics, Bioinformatics, and Computational Biology","Doctor's degree - research/scholarship","6","-2"
"130943","University of Delaware","2022","First major","'26.11'","Biomathematics, Bioinformatics, and Computational Biology","Bachelor's degree","3","-2"
"130943","University of Delaware","2022","First major","'26.11'","Biomathematics, Bioinformatics, and Computational Biology","Master's degree","4","-2"
"130943","University of Delaware","2022","First major","'26.11'","Biomathematics, Bioinformatics, and Computational Biology","Doctor's degree - research/scholarship","2","-2"
"131159","American University","2022","First major","'26.11'","Biomathematics, Bioinformatics, and Computational Biology","Master's degree","1","-2"
"131469","George Washington University","2022","First major","'26.11'","Biomathematics, Bioinformatics, and Computational Biology","Bachelor's degree","2","-2"
"131469","George Washington University","2022","First major","'26.11'","Biomathematics, Bioinformatics, and Computational Biology","Master's degree","33","-2"
"131469","George Washington University","2022","First major","'26.11'","Biomathematics, Bioinformatics, and Computational Biology","Doctor's degree - research/scholarship","2","-2"
"131496","Georgetown University","2022","First major","'26.11'","Biomathematics, Bioinformatics, and Computational Biology","Master's degree","27","-2"
"131496","Georgetown University","2022","First major","'26.11'","Biomathematics, Bioinformatics, and Computational Biology","Doctor's degree - research/scholarship","2","-2"
"133881","Florida Institute of Technology","2022","First major","'26.11'","Biomathematics, Bioinformatics, and Computational Biology","Bachelor's degree","3","-2"
"134097","Florida State University","2022","First major","'26.11'","Biomathematics, Bioinformatics, and Computational Biology","Bachelor's degree","4","-2"
"134097","Florida State University","2022","First major","'26.11'","Biomathematics, Bioinformatics, and Computational Biology","Master's degree","5","-2"
"134097","Florida State University","2022","First major","'26.11'","Biomathematics, Bioinformatics, and Computational Biology","Doctor's degree - research/scholarship","6","-2"
"134130","University of Florida","2022","First major","'26.11'","Biomathematics, Bioinformatics, and Computational Biology","Master's degree","17","-2"
"134130","University of Florida","2022","First major","'26.11'","Biomathematics, Bioinformatics, and Computational Biology","Doctor's degree - research/scholarship","6","-2"
"135726","University of Miami","2022","First major","'26.11'","Biomathematics, Bioinformatics, and Computational Biology","Master's degree","6","-2"
"135726","University of Miami","2022","First major","'26.11'","Biomathematics, Bioinformatics, and Computational Biology","Doctor's degree - research/scholarship","2","-2"
"136215","Nova Southeastern University","2022","First major","'26.11'","Biomathematics, Bioinformatics, and Computational Biology","Postbaccalaureate certificate","0","-2"
"137351","University of South Florida","2022","First major","'26.11'","Biomathematics, Bioinformatics, and Computational Biology","Master's degree","9","-2"
"139658","Emory University","2022","First major","'26.11'","Biomathematics, Bioinformatics, and Computational Biology","Master's degree","34","-2"
"139658","Emory University","2022","First major","'26.11'","Biomathematics, Bioinformatics, and Computational Biology","Doctor's degree - research/scholarship","9","-2"
"139755","Georgia Institute of Technology-Main Campus","2022","First major","'26.11'","Biomathematics, Bioinformatics, and Computational Biology","Master's degree","24","-2"
"139755","Georgia Institute of Technology-Main Campus","2022","First major","'26.11'","Biomathematics, Bioinformatics, and Computational Biology","Doctor's degree - research/scholarship","16","-2"
"139959","University of Georgia","2022","First major","'26.11'","Biomathematics, Bioinformatics, and Computational Biology","Postbaccalaureate certificate","2","-2"
"139959","University of Georgia","2022","First major","'26.11'","Biomathematics, Bioinformatics, and Computational Biology","Master's degree","6","-2"
"139959","University of Georgia","2022","First major","'26.11'","Biomathematics, Bioinformatics, and Computational Biology","Doctor's degree - research/scholarship","11","-2"
"142285","University of Idaho","2022","First major","'26.11'","Biomathematics, Bioinformatics, and Computational Biology","Postbaccalaureate certificate","0","-2"
"142285","University of Idaho","2022","First major","'26.11'","Biomathematics, Bioinformatics, and Computational Biology","Master's degree","2","-2"
"142285","University of Idaho","2022","First major","'26.11'","Biomathematics, Bioinformatics, and Computational Biology","Doctor's degree - research/scholarship","3","-2"
"142328","Lewis-Clark State College","2022","First major","'26.11'","Biomathematics, Bioinformatics, and Computational Biology","Bachelor's degree","0","-2"
"142522","Brigham Young University-Idaho","2022","First major","'26.11'","Biomathematics, Bioinformatics, and Computational Biology","Bachelor's degree","5","-2"
"144050","University of Chicago","2022","First major","'26.11'","Biomathematics, Bioinformatics, and Computational Biology","Master's degree","30","-2"
"145600","University of Illinois Chicago","2022","First major","'26.11'","Biomathematics, Bioinformatics, and Computational Biology","Master's degree","4","-2"
"145600","University of Illinois Chicago","2022","First major","'26.11'","Biomathematics, Bioinformatics, and Computational Biology","Doctor's degree - research/scholarship","1","-2"
"145637","University of Illinois Urbana-Champaign","2022","First major","'26.11'","Biomathematics, Bioinformatics, and Computational Biology","Master's degree","5","-2"
"145725","Illinois Institute of Technology","2022","First major","'26.11'","Biomathematics, Bioinformatics, and Computational Biology","Bachelor's degree","2","-2"
"146719","Loyola University Chicago","2022","First major","'26.11'","Biomathematics, Bioinformatics, and Computational Biology","Bachelor's degree","12","-2"
"146719","Loyola University Chicago","2022","First major","'26.11'","Biomathematics, Bioinformatics, and Computational Biology","Master's degree","6","-2"
"147767","Northwestern University","2022","First major","'26.11'","Biomathematics, Bioinformatics, and Computational Biology","Master's degree","19","-2"
"149505","Trinity Christian College","2022","First major","'26.11'","Biomathematics, Bioinformatics, and Computational Biology","Bachelor's degree","0","-2"
"151111","Indiana University-Purdue University-Indianapolis","2022","First major","'26.11'","Biomathematics, Bioinformatics, and Computational Biology","Bachelor's degree","1","-2"
"151111","Indiana University-Purdue University-Indianapolis","2022","First major","'26.11'","Biomathematics, Bioinformatics, and Computational Biology","Postbaccalaureate certificate","0","-2"
"151111","Indiana University-Purdue University-Indianapolis","2022","First major","'26.11'","Biomathematics, Bioinformatics, and Computational Biology","Master's degree","22","-2"
"151111","Indiana University-Purdue University-Indianapolis","2022","First major","'26.11'","Biomathematics, Bioinformatics, and Computational Biology","Doctor's degree - research/scholarship","3","-2"
"151351","Indiana University-Bloomington","2022","First major","'26.11'","Biomathematics, Bioinformatics, and Computational Biology","Master's degree","3","-2"
"152318","Rose-Hulman Institute of Technology","2022","First major","'26.11'","Biomathematics, Bioinformatics, and Computational Biology","Bachelor's degree","2","-2"
"153603","Iowa State University","2022","First major","'26.11'","Biomathematics, Bioinformatics, and Computational Biology","Bachelor's degree","5","-2"
"153603","Iowa State University","2022","First major","'26.11'","Biomathematics, Bioinformatics, and Computational Biology","Master's degree","1","-2"
"153603","Iowa State University","2022","First major","'26.11'","Biomathematics, Bioinformatics, and Computational Biology","Doctor's degree - research/scholarship","11","-2"
"153658","University of Iowa","2022","First major","'26.11'","Biomathematics, Bioinformatics, and Computational Biology","Master's degree","19","-2"
"153658","University of Iowa","2022","First major","'26.11'","Biomathematics, Bioinformatics, and Computational Biology","Post-master's certificate","7","-2"
"153658","University of Iowa","2022","First major","'26.11'","Biomathematics, Bioinformatics, and Computational Biology","Doctor's degree - research/scholarship","5","-2"
"155317","University of Kansas","2022","First major","'26.11'","Biomathematics, Bioinformatics, and Computational Biology","Postbaccalaureate certificate","5","-2"
"155317","University of Kansas","2022","First major","'26.11'","Biomathematics, Bioinformatics, and Computational Biology","Master's degree","4","-2"
"155317","University of Kansas","2022","First major","'26.11'","Biomathematics, Bioinformatics, and Computational Biology","Doctor's degree - research/scholarship","10","-2"
"157085","University of Kentucky","2022","First major","'26.11'","Biomathematics, Bioinformatics, and Computational Biology","Postbaccalaureate certificate","6","-2"
"157289","University of Louisville","2022","First major","'26.11'","Biomathematics, Bioinformatics, and Computational Biology","Postbaccalaureate certificate","14","-2"
"157289","University of Louisville","2022","First major","'26.11'","Biomathematics, Bioinformatics, and Computational Biology","Master's degree","15","-2"
"157289","University of Louisville","2022","First major","'26.11'","Biomathematics, Bioinformatics, and Computational Biology","Doctor's degree - research/scholarship","3","-2"
"159373","Louisiana State University Health Sciences Center-New Orleans","2022","First major","'26.11'","Biomathematics, Bioinformatics, and Computational Biology","Master's degree","2","-2"
"159373","Louisiana State University Health Sciences Center-New Orleans","2022","First major","'26.11'","Biomathematics, Bioinformatics, and Computational Biology","Doctor's degree - research/scholarship","1","-2"
"160755","Tulane University of Louisiana","2022","First major","'26.11'","Biomathematics, Bioinformatics, and Computational Biology","Master's degree","8","-2"
"160755","Tulane University of Louisiana","2022","First major","'26.11'","Biomathematics, Bioinformatics, and Computational Biology","Doctor's degree - research/scholarship","1","-2"
"160904","Xavier University of Louisiana","2022","First major","'26.11'","Biomathematics, Bioinformatics, and Computational Biology","Bachelor's degree","0","-2"
"161086","Colby College","2022","First major","'26.11'","Biomathematics, Bioinformatics, and Computational Biology","Bachelor's degree","4","-2"
"161086","Colby College","2022","Second major","'26.11'","Biomathematics, Bioinformatics, and Computational Biology","Bachelor's degree","1","-2"
"161253","University of Maine","2022","First major","'26.11'","Biomathematics, Bioinformatics, and Computational Biology","Master's degree","8","-2"
"162007","Bowie State University","2022","First major","'26.11'","Biomathematics, Bioinformatics, and Computational Biology","Bachelor's degree","4","-2"
"162760","Hood College","2022","First major","'26.11'","Biomathematics, Bioinformatics, and Computational Biology","Postbaccalaureate certificate","0","-2"
"162760","Hood College","2022","First major","'26.11'","Biomathematics, Bioinformatics, and Computational Biology","Master's degree","7","-2"
"162928","Johns Hopkins University","2022","First major","'26.11'","Biomathematics, Bioinformatics, and Computational Biology","Master's degree","15","-2"
"162928","Johns Hopkins University","2022","First major","'26.11'","Biomathematics, Bioinformatics, and Computational Biology","Doctor's degree - research/scholarship","13","-2"
"163268","University of Maryland-Baltimore County","2022","First major","'26.11'","Biomathematics, Bioinformatics, and Computational Biology","Bachelor's degree","10","-2"
"163426","Montgomery College","2022","First major","'26.11'","Biomathematics, Bioinformatics, and Computational Biology","Associate's degree","1","-2"
"163453","Morgan State University","2022","First major","'26.11'","Biomathematics, Bioinformatics, and Computational Biology","Postbaccalaureate certificate","0","-2"
"163453","Morgan State University","2022","First major","'26.11'","Biomathematics, Bioinformatics, and Computational Biology","Master's degree","3","-2"
"164988","Boston University","2022","First major","'26.11'","Biomathematics, Bioinformatics, and Computational Biology","Master's degree","80","-2"
"164988","Boston University","2022","First major","'26.11'","Biomathematics, Bioinformatics, and Computational Biology","Doctor's degree - research/scholarship","11","-2"
"165015","Brandeis University","2022","First major","'26.11'","Biomathematics, Bioinformatics, and Computational Biology","Master's degree","10","-2"
"165644","Eastern Nazarene College","2022","First major","'26.11'","Biomathematics, Bioinformatics, and Computational Biology","Bachelor's degree","0","-2"
"165671","Emmanuel College","2022","First major","'26.11'","Biomathematics, Bioinformatics, and Computational Biology","Bachelor's degree","2","-2"
"166027","Harvard University","2022","First major","'26.11'","Biomathematics, Bioinformatics, and Computational Biology","Postbaccalaureate certificate","20","-2"
"166027","Harvard University","2022","First major","'26.11'","Biomathematics, Bioinformatics, and Computational Biology","Master's degree","72","-2"
"166027","Harvard University","2022","First major","'26.11'","Biomathematics, Bioinformatics, and Computational Biology","Doctor's degree - research/scholarship","8","-2"
"166629","University of Massachusetts-Amherst","2022","First major","'26.11'","Biomathematics, Bioinformatics, and Computational Biology","Master's degree","10","-2"
"166629","University of Massachusetts-Amherst","2022","First major","'26.11'","Biomathematics, Bioinformatics, and Computational Biology","Doctor's degree - research/scholarship","7","-2"
"166647","Massachusetts Bay Community College","2022","First major","'26.11'","Biomathematics, Bioinformatics, and Computational Biology","Associate's degree","0","-2"
"166656","MCPHS University","2022","First major","'26.11'","Biomathematics, Bioinformatics, and Computational Biology","Bachelor's degree","0","-2"
"166683","Massachusetts Institute of Technology","2022","First major","'26.11'","Biomathematics, Bioinformatics, and Computational Biology","Bachelor's degree","14","-2"
"166683","Massachusetts Institute of Technology","2022","First major","'26.11'","Biomathematics, Bioinformatics, and Computational Biology","Master's degree","6","-2"
"166683","Massachusetts Institute of Technology","2022","First major","'26.11'","Biomathematics, Bioinformatics, and Computational Biology","Doctor's degree - research/scholarship","7","-2"
"166683","Massachusetts Institute of Technology","2022","Second major","'26.11'","Biomathematics, Bioinformatics, and Computational Biology","Bachelor's degree","1","-2"
"167358","Northeastern University","2022","First major","'26.11'","Biomathematics, Bioinformatics, and Computational Biology","Master's degree","63","-2"
"167783","Simmons University","2022","First major","'26.11'","Biomathematics, Bioinformatics, and Computational Biology","Bachelor's degree","2","-2"
"168281","Wheaton College (Massachusetts)","2022","First major","'26.11'","Biomathematics, Bioinformatics, and Computational Biology","Bachelor's degree","4","-2"
"168421","Worcester Polytechnic Institute","2022","First major","'26.11'","Biomathematics, Bioinformatics, and Computational Biology","Bachelor's degree","12","-2"
"168421","Worcester Polytechnic Institute","2022","First major","'26.11'","Biomathematics, Bioinformatics, and Computational Biology","Master's degree","3","-2"
"168421","Worcester Polytechnic Institute","2022","First major","'26.11'","Biomathematics, Bioinformatics, and Computational Biology","Doctor's degree - research/scholarship","0","-2"
"168421","Worcester Polytechnic Institute","2022","Second major","'26.11'","Biomathematics, Bioinformatics, and Computational Biology","Bachelor's degree","2","-2"
"168430","Worcester State University","2022","First major","'26.11'","Biomathematics, Bioinformatics, and Computational Biology","Bachelor's degree","0","-2"
"169479","Davenport University","2022","First major","'26.11'","Biomathematics, Bioinformatics, and Computational Biology","Associate's degree","0","-2"
"169479","Davenport University","2022","First major","'26.11'","Biomathematics, Bioinformatics, and Computational Biology","Bachelor's degree","0","-2"
"169798","Eastern Michigan University","2022","First major","'26.11'","Biomathematics, Bioinformatics, and Computational Biology","Master's degree","0","-2"
"169983","Kettering University","2022","First major","'26.11'","Biomathematics, Bioinformatics, and Computational Biology","Bachelor's degree","1","-2"
"170082","Grand Valley State University","2022","First major","'26.11'","Biomathematics, Bioinformatics, and Computational Biology","Master's degree","32","-2"
"170976","University of Michigan-Ann Arbor","2022","First major","'26.11'","Biomathematics, Bioinformatics, and Computational Biology","Master's degree","59","-2"
"170976","University of Michigan-Ann Arbor","2022","First major","'26.11'","Biomathematics, Bioinformatics, and Computational Biology","Post-master's certificate","2","-2"
"170976","University of Michigan-Ann Arbor","2022","First major","'26.11'","Biomathematics, Bioinformatics, and Computational Biology","Doctor's degree - research/scholarship","29","-2"
"171100","Michigan State University","2022","First major","'26.11'","Biomathematics, Bioinformatics, and Computational Biology","Master's degree","1","-2"
"171100","Michigan State University","2022","First major","'26.11'","Biomathematics, Bioinformatics, and Computational Biology","Doctor's degree - research/scholarship","0","-2"
"171128","Michigan Technological University","2022","First major","'26.11'","Biomathematics, Bioinformatics, and Computational Biology","Bachelor's degree","6","-2"
"171128","Michigan Technological University","2022","Second major","'26.11'","Biomathematics, Bioinformatics, and Computational Biology","Bachelor's degree","2","-2"
"171456","Northern Michigan University","2022","First major","'26.11'","Biomathematics, Bioinformatics, and Computational Biology","Master's degree","0","-2"
"172699","Western Michigan University","2022","First major","'26.11'","Biomathematics, Bioinformatics, and Computational Biology","Postbaccalaureate certificate","9","-2"
"174066","University of Minnesota-Twin Cities","2022","First major","'26.11'","Biomathematics, Bioinformatics, and Computational Biology","Postbaccalaureate certificate","2","-2"
"174066","University of Minnesota-Twin Cities","2022","First major","'26.11'","Biomathematics, Bioinformatics, and Computational Biology","Master's degree","43","-2"
"174066","University of Minnesota-Twin Cities","2022","First major","'26.11'","Biomathematics, Bioinformatics, and Computational Biology","Doctor's degree - research/scholarship","16","-2"
"176017","University of Mississippi","2022","First major","'26.11'","Biomathematics, Bioinformatics, and Computational Biology","Master's degree","3","-2"
"176017","University of Mississippi","2022","First major","'26.11'","Biomathematics, Bioinformatics, and Computational Biology","Doctor's degree - research/scholarship","3","-2"
"176044","Mississippi Valley State University","2022","First major","'26.11'","Biomathematics, Bioinformatics, and Computational Biology","Master's degree","7","-2"
"176080","Mississippi State University","2022","First major","'26.11'","Biomathematics, Bioinformatics, and Computational Biology","Master's degree","1","-2"
"176080","Mississippi State University","2022","First major","'26.11'","Biomathematics, Bioinformatics, and Computational Biology","Doctor's degree - research/scholarship","0","-2"
"178396","University of Missouri-Columbia","2022","First major","'26.11'","Biomathematics, Bioinformatics, and Computational Biology","Certificates of less than 1 year","0","-2"
"178396","University of Missouri-Columbia","2022","First major","'26.11'","Biomathematics, Bioinformatics, and Computational Biology","Postbaccalaureate certificate","0","-2"
"178396","University of Missouri-Columbia","2022","First major","'26.11'","Biomathematics, Bioinformatics, and Computational Biology","Certificates of at least 12 weeks but less than 1 year","0","-2"
"178402","University of Missouri-Kansas City","2022","First major","'26.11'","Biomathematics, Bioinformatics, and Computational Biology","Master's degree","7","-2"
"179159","Saint Louis University","2022","First major","'26.11'","Biomathematics, Bioinformatics, and Computational Biology","Bachelor's degree","7","-2"
"179159","Saint Louis University","2022","First major","'26.11'","Biomathematics, Bioinformatics, and Computational Biology","Master's degree","17","-2"
"179159","Saint Louis University","2022","First major","'26.11'","Biomathematics, Bioinformatics, and Computational Biology","Doctor's degree - research/scholarship","1","-2"
"179867","Washington University in St Louis","2022","First major","'26.11'","Biomathematics, Bioinformatics, and Computational Biology","Bachelor's degree","14","-2"
"179867","Washington University in St Louis","2022","First major","'26.11'","Biomathematics, Bioinformatics, and Computational Biology","Postbaccalaureate certificate","3","-2"
"179867","Washington University in St Louis","2022","First major","'26.11'","Biomathematics, Bioinformatics, and Computational Biology","Master's degree","11","-2"
"179867","Washington University in St Louis","2022","First major","'26.11'","Biomathematics, Bioinformatics, and Computational Biology","Post-master's certificate","0","-2"
"179867","Washington University in St Louis","2022","First major","'26.11'","Biomathematics, Bioinformatics, and Computational Biology","Doctor's degree - research/scholarship","13","-2"
"179867","Washington University in St Louis","2022","Second major","'26.11'","Biomathematics, Bioinformatics, and Computational Biology","Bachelor's degree","4","-2"
"179894","Webster University","2022","First major","'26.11'","Biomathematics, Bioinformatics, and Computational Biology","Bachelor's degree","0","-2"
"180489","The University of Montana","2022","First major","'26.11'","Biomathematics, Bioinformatics, and Computational Biology","Certificates of at least 2 but less than 4 years","0","-2"
"180489","The University of Montana","2022","First major","'26.11'","Biomathematics, Bioinformatics, and Computational Biology","Bachelor's degree","0","-2"
"181394","University of Nebraska at Omaha","2022","First major","'26.11'","Biomathematics, Bioinformatics, and Computational Biology","Bachelor's degree","6","-2"
"181428","University of Nebraska Medical Center","2022","First major","'26.11'","Biomathematics, Bioinformatics, and Computational Biology","Postbaccalaureate certificate","1","-2"
"181428","University of Nebraska Medical Center","2022","First major","'26.11'","Biomathematics, Bioinformatics, and Computational Biology","Doctor's degree - research/scholarship","5","-2"
"182290","University of Nevada-Reno","2022","First major","'26.11'","Biomathematics, Bioinformatics, and Computational Biology","Master's degree","2","-2"
"183044","University of New Hampshire-Main Campus","2022","First major","'26.11'","Biomathematics, Bioinformatics, and Computational Biology","Master's degree","0","-2"
"184782","Rowan University","2022","First major","'26.11'","Biomathematics, Bioinformatics, and Computational Biology","Bachelor's degree","2","-2"
"184782","Rowan University","2022","First major","'26.11'","Biomathematics, Bioinformatics, and Computational Biology","Master's degree","5","-2"
"185828","New Jersey Institute of Technology","2022","First major","'26.11'","Biomathematics, Bioinformatics, and Computational Biology","Bachelor's degree","1","-2"
"185828","New Jersey Institute of Technology","2022","First major","'26.11'","Biomathematics, Bioinformatics, and Computational Biology","Master's degree","3","-2"
"186131","Princeton University","2022","First major","'26.11'","Biomathematics, Bioinformatics, and Computational Biology","Master's degree","9","-2"
"186131","Princeton University","2022","First major","'26.11'","Biomathematics, Bioinformatics, and Computational Biology","Doctor's degree - research/scholarship","11","-2"
"186201","Ramapo College of New Jersey","2022","First major","'26.11'","Biomathematics, Bioinformatics, and Computational Biology","Bachelor's degree","5","-2"
"186371","Rutgers University-Camden","2022","First major","'26.11'","Biomathematics, Bioinformatics, and Computational Biology","Bachelor's degree","1","-2"
"186371","Rutgers University-Camden","2022","First major","'26.11'","Biomathematics, Bioinformatics, and Computational Biology","Master's degree","6","-2"
"186371","Rutgers University-Camden","2022","First major","'26.11'","Biomathematics, Bioinformatics, and Computational Biology","Doctor's degree - research/scholarship","2","-2"
"186380","Rutgers University-New Brunswick","2022","First major","'26.11'","Biomathematics, Bioinformatics, and Computational Biology","Bachelor's degree","6","-2"
"186380","Rutgers University-New Brunswick","2022","First major","'26.11'","Biomathematics, Bioinformatics, and Computational Biology","Master's degree","20","-2"
"186867","Stevens Institute of Technology","2022","First major","'26.11'","Biomathematics, Bioinformatics, and Computational Biology","Bachelor's degree","0","-2"
"187648","Eastern New Mexico University-Main Campus","2022","First major","'26.11'","Biomathematics, Bioinformatics, and Computational Biology","Bachelor's degree","1","-2"
"188030","New Mexico State University-Main Campus","2022","First major","'26.11'","Biomathematics, Bioinformatics, and Computational Biology","Master's degree","1","-2"
"189705","Canisius College","2022","First major","'26.11'","Biomathematics, Bioinformatics, and Computational Biology","Bachelor's degree","0","-2"
"190150","Columbia University in the City of New York","2022","First major","'26.11'","Biomathematics, Bioinformatics, and Computational Biology","Master's degree","126","-2"
"190150","Columbia University in the City of New York","2022","First major","'26.11'","Biomathematics, Bioinformatics, and Computational Biology","Post-master's certificate","39","-2"
"190150","Columbia University in the City of New York","2022","First major","'26.11'","Biomathematics, Bioinformatics, and Computational Biology","Doctor's degree - research/scholarship","7","-2"
"190415","Cornell University","2022","First major","'26.11'","Biomathematics, Bioinformatics, and Computational Biology","Bachelor's degree","18","-2"
"190415","Cornell University","2022","First major","'26.11'","Biomathematics, Bioinformatics, and Computational Biology","Master's degree","0","-2"
"190415","Cornell University","2022","First major","'26.11'","Biomathematics, Bioinformatics, and Computational Biology","Doctor's degree - research/scholarship","4","-2"
"190415","Cornell University","2022","Second major","'26.11'","Biomathematics, Bioinformatics, and Computational Biology","Bachelor's degree","6","-2"
"190424","Weill Medical College of Cornell University","2022","First major","'26.11'","Biomathematics, Bioinformatics, and Computational Biology","Master's degree","8","-2"
"190655","CUNY New York City College of Technology","2022","First major","'26.11'","Biomathematics, Bioinformatics, and Computational Biology","Bachelor's degree","24","-2"
"193405","Icahn School of Medicine at Mount Sinai","2022","First major","'26.11'","Biomathematics, Bioinformatics, and Computational Biology","Master's degree","12","-2"
"193830","New York Medical College","2022","First major","'26.11'","Biomathematics, Bioinformatics, and Computational Biology","Master's degree","17","-2"
"193900","New York University","2022","First major","'26.11'","Biomathematics, Bioinformatics, and Computational Biology","Master's degree","67","-2"
"194824","Rensselaer Polytechnic Institute","2022","First major","'26.11'","Biomathematics, Bioinformatics, and Computational Biology","Bachelor's degree","11","-2"
"195003","Rochester Institute of Technology","2022","First major","'26.11'","Biomathematics, Bioinformatics, and Computational Biology","Bachelor's degree","1","-2"
"195003","Rochester Institute of Technology","2022","First major","'26.11'","Biomathematics, Bioinformatics, and Computational Biology","Master's degree","9","-2"
"195030","University of Rochester","2022","First major","'26.11'","Biomathematics, Bioinformatics, and Computational Biology","Master's degree","0","-2"
"195164","St Bonaventure University","2022","First major","'26.11'","Biomathematics, Bioinformatics, and Computational Biology","Bachelor's degree","0","-2"
"195809","St. John's University-New York","2022","First major","'26.11'","Biomathematics, Bioinformatics, and Computational Biology","Master's degree","0","-2"
"196060","SUNY at Albany","2022","First major","'26.11'","Biomathematics, Bioinformatics, and Computational Biology","Master's degree","5","-2"
"196060","SUNY at Albany","2022","First major","'26.11'","Biomathematics, Bioinformatics, and Computational Biology","Doctor's degree - research/scholarship","2","-2"
"196088","University at Buffalo","2022","First major","'26.11'","Biomathematics, Bioinformatics, and Computational Biology","Bachelor's degree","5","-2"
"196088","University at Buffalo","2022","First major","'26.11'","Biomathematics, Bioinformatics, and Computational Biology","Postbaccalaureate certificate","1","-2"
"196088","University at Buffalo","2022","First major","'26.11'","Biomathematics, Bioinformatics, and Computational Biology","Master's degree","9","-2"
"196088","University at Buffalo","2022","First major","'26.11'","Biomathematics, Bioinformatics, and Computational Biology","Post-master's certificate","0","-2"
"196088","University at Buffalo","2022","First major","'26.11'","Biomathematics, Bioinformatics, and Computational Biology","Doctor's degree - research/scholarship","4","-2"
"196237","SUNY College at Old Westbury","2022","First major","'26.11'","Biomathematics, Bioinformatics, and Computational Biology","Bachelor's degree","0","-2"
"198385","Davidson College","2022","First major","'26.11'","Biomathematics, Bioinformatics, and Computational Biology","Bachelor's degree","1","-2"
"198419","Duke University","2022","First major","'26.11'","Biomathematics, Bioinformatics, and Computational Biology","Bachelor's degree","0","-2"
"198419","Duke University","2022","First major","'26.11'","Biomathematics, Bioinformatics, and Computational Biology","Postbaccalaureate certificate","1","-2"
"198419","Duke University","2022","First major","'26.11'","Biomathematics, Bioinformatics, and Computational Biology","Master's degree","47","-2"
"198419","Duke University","2022","First major","'26.11'","Biomathematics, Bioinformatics, and Computational Biology","Doctor's degree - research/scholarship","12","-2"
"198464","East Carolina University","2022","First major","'26.11'","Biomathematics, Bioinformatics, and Computational Biology","Postbaccalaureate certificate","0","-2"
"199120","University of North Carolina at Chapel Hill","2022","First major","'26.11'","Biomathematics, Bioinformatics, and Computational Biology","Bachelor's degree","29","-2"
"199120","University of North Carolina at Chapel Hill","2022","First major","'26.11'","Biomathematics, Bioinformatics, and Computational Biology","Master's degree","26","-2"
"199120","University of North Carolina at Chapel Hill","2022","First major","'26.11'","Biomathematics, Bioinformatics, and Computational Biology","Doctor's degree - research/scholarship","28","-2"
"199139","University of North Carolina at Charlotte","2022","First major","'26.11'","Biomathematics, Bioinformatics, and Computational Biology","Postbaccalaureate certificate","6","-2"
"199139","University of North Carolina at Charlotte","2022","First major","'26.11'","Biomathematics, Bioinformatics, and Computational Biology","Master's degree","15","-2"
"199139","University of North Carolina at Charlotte","2022","First major","'26.11'","Biomathematics, Bioinformatics, and Computational Biology","Doctor's degree - research/scholarship","3","-2"
"199193","North Carolina State University at Raleigh","2022","First major","'26.11'","Biomathematics, Bioinformatics, and Computational Biology","Master's degree","2","-2"
"199193","North Carolina State University at Raleigh","2022","First major","'26.11'","Biomathematics, Bioinformatics, and Computational Biology","Doctor's degree - research/scholarship","4","-2"
"200253","Minot State University","2022","First major","'26.11'","Biomathematics, Bioinformatics, and Computational Biology","Bachelor's degree","2","-2"
"201645","Case Western Reserve University","2022","First major","'26.11'","Biomathematics, Bioinformatics, and Computational Biology","Bachelor's degree","9","-2"
"201645","Case Western Reserve University","2022","First major","'26.11'","Biomathematics, Bioinformatics, and Computational Biology","Master's degree","3","-2"
"201645","Case Western Reserve University","2022","First major","'26.11'","Biomathematics, Bioinformatics, and Computational Biology","Doctor's degree - research/scholarship","4","-2"
"201885","University of Cincinnati-Main Campus","2022","First major","'26.11'","Biomathematics, Bioinformatics, and Computational Biology","Master's degree","5","-2"
"201885","University of Cincinnati-Main Campus","2022","First major","'26.11'","Biomathematics, Bioinformatics, and Computational Biology","Doctor's degree - research/scholarship","7","-2"
"201885","University of Cincinnati-Main Campus","2022","Second major","'26.11'","Biomathematics, Bioinformatics, and Computational Biology","Doctor's degree - research/scholarship","3","-2"
"203517","Kent State University at Kent","2022","First major","'26.11'","Biomathematics, Bioinformatics, and Computational Biology","Master's degree","0","-2"
"203517","Kent State University at Kent","2022","First major","'26.11'","Biomathematics, Bioinformatics, and Computational Biology","Doctor's degree - research/scholarship","0","-2"
"203599","Lakeland Community College","2022","First major","'26.11'","Biomathematics, Bioinformatics, and Computational Biology","Associate's degree","0","-2"
"204796","Ohio State University-Main Campus","2022","First major","'26.11'","Biomathematics, Bioinformatics, and Computational Biology","Master's degree","2","-2"
"204796","Ohio State University-Main Campus","2022","First major","'26.11'","Biomathematics, Bioinformatics, and Computational Biology","Doctor's degree - research/scholarship","4","-2"
"204857","Ohio University-Main Campus","2022","First major","'26.11'","Biomathematics, Bioinformatics, and Computational Biology","Certificates of less than 1 year","0","-2"
"204857","Ohio University-Main Campus","2022","First major","'26.11'","Biomathematics, Bioinformatics, and Computational Biology","Postbaccalaureate certificate","0","-2"
"204857","Ohio University-Main Campus","2022","First major","'26.11'","Biomathematics, Bioinformatics, and Computational Biology","Certificates of at least 12 weeks but less than 1 year","0","-2"
"206084","University of Toledo","2022","First major","'26.11'","Biomathematics, Bioinformatics, and Computational Biology","Postbaccalaureate certificate","3","-2"
"206084","University of Toledo","2022","First major","'26.11'","Biomathematics, Bioinformatics, and Computational Biology","Master's degree","10","-2"
"207342","University of Oklahoma-Health Sciences Center","2022","First major","'26.11'","Biomathematics, Bioinformatics, and Computational Biology","Master's degree","4","-2"
"207342","University of Oklahoma-Health Sciences Center","2022","First major","'26.11'","Biomathematics, Bioinformatics, and Computational Biology","Doctor's degree - research/scholarship","3","-2"
"209490","Oregon Health & Science University","2022","First major","'26.11'","Biomathematics, Bioinformatics, and Computational Biology","Postbaccalaureate certificate","0","-2"
"209490","Oregon Health & Science University","2022","First major","'26.11'","Biomathematics, Bioinformatics, and Computational Biology","Master's degree","17","-2"
"209490","Oregon Health & Science University","2022","First major","'26.11'","Biomathematics, Bioinformatics, and Computational Biology","Doctor's degree - research/scholarship","1","-2"
"209542","Oregon State University","2022","First major","'26.11'","Biomathematics, Bioinformatics, and Computational Biology","Bachelor's degree","2","209542"
"209612","Pacific University","2022","First major","'26.11'","Biomathematics, Bioinformatics, and Computational Biology","Bachelor's degree","1","-2"
"209807","Portland State University","2022","First major","'26.11'","Biomathematics, Bioinformatics, and Computational Biology","Postbaccalaureate certificate","0","-2"
"209807","Portland State University","2022","First major","'26.11'","Biomathematics, Bioinformatics, and Computational Biology","Master's degree","9","-2"
"211440","Carnegie Mellon University","2022","First major","'26.11'","Biomathematics, Bioinformatics, and Computational Biology","Bachelor's degree","8","-2"
"211440","Carnegie Mellon University","2022","First major","'26.11'","Biomathematics, Bioinformatics, and Computational Biology","Master's degree","18","-2"
"211440","Carnegie Mellon University","2022","First major","'26.11'","Biomathematics, Bioinformatics, and Computational Biology","Doctor's degree - research/scholarship","6","-2"
"211440","Carnegie Mellon University","2022","Second major","'26.11'","Biomathematics, Bioinformatics, and Computational Biology","Bachelor's degree","7","-2"
"212054","Drexel University","2022","First major","'26.11'","Biomathematics, Bioinformatics, and Computational Biology","Postbaccalaureate certificate","0","-2"
"212054","Drexel University","2022","First major","'26.11'","Biomathematics, Bioinformatics, and Computational Biology","Master's degree","9","-2"
"213251","Juniata College","2022","First major","'26.11'","Biomathematics, Bioinformatics, and Computational Biology","Bachelor's degree","0","-2"
"213251","Juniata College","2022","First major","'26.11'","Biomathematics, Bioinformatics, and Computational Biology","Master's degree","4","-2"
"213987","Mercyhurst University","2022","First major","'26.11'","Biomathematics, Bioinformatics, and Computational Biology","Bachelor's degree","2","-2"
"214777","Pennsylvania State University-Main Campus","2022","First major","'26.11'","Biomathematics, Bioinformatics, and Computational Biology","Master's degree","2","-2"
"214777","Pennsylvania State University-Main Campus","2022","First major","'26.11'","Biomathematics, Bioinformatics, and Computational Biology","Doctor's degree - research/scholarship","12","-2"
"215062","University of Pennsylvania","2022","First major","'26.11'","Biomathematics, Bioinformatics, and Computational Biology","Master's degree","8","-2"
"215062","University of Pennsylvania","2022","First major","'26.11'","Biomathematics, Bioinformatics, and Computational Biology","Doctor's degree - research/scholarship","18","-2"
"215293","University of Pittsburgh-Pittsburgh Campus","2022","First major","'26.11'","Biomathematics, Bioinformatics, and Computational Biology","Bachelor's degree","38","-2"
"215293","University of Pittsburgh-Pittsburgh Campus","2022","First major","'26.11'","Biomathematics, Bioinformatics, and Computational Biology","Postbaccalaureate certificate","1","-2"
"215293","University of Pittsburgh-Pittsburgh Campus","2022","First major","'26.11'","Biomathematics, Bioinformatics, and Computational Biology","Master's degree","24","-2"
"215293","University of Pittsburgh-Pittsburgh Campus","2022","First major","'26.11'","Biomathematics, Bioinformatics, and Computational Biology","Doctor's degree - research/scholarship","20","-2"
"215770","Saint Joseph's University","2022","First major","'26.11'","Biomathematics, Bioinformatics, and Computational Biology","Postbaccalaureate certificate","1","-2"
"215770","Saint Joseph's University","2022","First major","'26.11'","Biomathematics, Bioinformatics, and Computational Biology","Master's degree","2","-2"
"215798","Saint Vincent College","2022","First major","'26.11'","Biomathematics, Bioinformatics, and Computational Biology","Bachelor's degree","2","-2"
"216287","Swarthmore College","2022","First major","'26.11'","Biomathematics, Bioinformatics, and Computational Biology","Bachelor's degree","0","-2"
"216339","Temple University","2022","First major","'26.11'","Biomathematics, Bioinformatics, and Computational Biology","Postbaccalaureate certificate","3","-2"
"216339","Temple University","2022","First major","'26.11'","Biomathematics, Bioinformatics, and Computational Biology","Master's degree","9","-2"
"216339","Temple University","2022","First major","'26.11'","Biomathematics, Bioinformatics, and Computational Biology","Doctor's degree - research/scholarship","0","-2"
"217156","Brown University","2022","First major","'26.11'","Biomathematics, Bioinformatics, and Computational Biology","Bachelor's degree","10","-2"
"217156","Brown University","2022","First major","'26.11'","Biomathematics, Bioinformatics, and Computational Biology","Master's degree","13","-2"
"217156","Brown University","2022","First major","'26.11'","Biomathematics, Bioinformatics, and Computational Biology","Doctor's degree - research/scholarship","8","-2"
"217156","Brown University","2022","Second major","'26.11'","Biomathematics, Bioinformatics, and Computational Biology","Bachelor's degree","1","-2"
"217873","Claflin University","2022","First major","'26.11'","Biomathematics, Bioinformatics, and Computational Biology","Bachelor's degree","0","-2"
"218335","Medical University of South Carolina","2022","First major","'26.11'","Biomathematics, Bioinformatics, and Computational Biology","Master's degree","3","-2"
"218335","Medical University of South Carolina","2022","First major","'26.11'","Biomathematics, Bioinformatics, and Computational Biology","Doctor's degree - research/scholarship","5","-2"
"218539","Presbyterian College","2022","First major","'26.11'","Biomathematics, Bioinformatics, and Computational Biology","Bachelor's degree","0","-2"
"218663","University of South Carolina-Columbia","2022","First major","'26.11'","Biomathematics, Bioinformatics, and Computational Biology","Master's degree","4","-2"
"218663","University of South Carolina-Columbia","2022","First major","'26.11'","Biomathematics, Bioinformatics, and Computational Biology","Doctor's degree - research/scholarship","3","-2"
"219602","Austin Peay State University","2022","First major","'26.11'","Biomathematics, Bioinformatics, and Computational Biology","Postbaccalaureate certificate","2","-2"
"219833","Christian Brothers University","2022","First major","'26.11'","Biomathematics, Bioinformatics, and Computational Biology","Master's degree","0","-2"
"219976","Lipscomb University","2022","First major","'26.11'","Biomathematics, Bioinformatics, and Computational Biology","Bachelor's degree","0","-2"
"220075","East Tennessee State University","2022","First major","'26.11'","Biomathematics, Bioinformatics, and Computational Biology","Postbaccalaureate certificate","3","-2"
"220862","University of Memphis","2022","First major","'26.11'","Biomathematics, Bioinformatics, and Computational Biology","Postbaccalaureate certificate","1","-2"
"220862","University of Memphis","2022","First major","'26.11'","Biomathematics, Bioinformatics, and Computational Biology","Master's degree","2","-2"
"221351","Rhodes College","2022","First major","'26.11'","Biomathematics, Bioinformatics, and Computational Biology","Bachelor's degree","4","-2"
"221999","Vanderbilt University","2022","First major","'26.11'","Biomathematics, Bioinformatics, and Computational Biology","Master's degree","7","-2"
"221999","Vanderbilt University","2022","First major","'26.11'","Biomathematics, Bioinformatics, and Computational Biology","Doctor's degree - research/scholarship","5","-2"
"223223","Baylor College of Medicine","2022","First major","'26.11'","Biomathematics, Bioinformatics, and Computational Biology","Master's degree","0","-2"
"223223","Baylor College of Medicine","2022","First major","'26.11'","Biomathematics, Bioinformatics, and Computational Biology","Doctor's degree - research/scholarship","6","-2"
"223232","Baylor University","2022","First major","'26.11'","Biomathematics, Bioinformatics, and Computational Biology","Bachelor's degree","2","-2"
"227331","Our Lady of the Lake University","2022","First major","'26.11'","Biomathematics, Bioinformatics, and Computational Biology","Bachelor's degree","0","-2"
"227845","Saint Edward's University","2022","First major","'26.11'","Biomathematics, Bioinformatics, and Computational Biology","Bachelor's degree","2","-2"
"227845","Saint Edward's University","2022","Second major","'26.11'","Biomathematics, Bioinformatics, and Computational Biology","Bachelor's degree","1","-2"
"227863","University of St Thomas","2022","First major","'26.11'","Biomathematics, Bioinformatics, and Computational Biology","Bachelor's degree","2","-2"
"228149","St. Mary's University","2022","First major","'26.11'","Biomathematics, Bioinformatics, and Computational Biology","Bachelor's degree","5","-2"
"228246","Southern Methodist University","2022","First major","'26.11'","Biomathematics, Bioinformatics, and Computational Biology","Doctor's degree - research/scholarship","4","-2"
"228635","University of Texas Southwestern Medical Center","2022","First major","'26.11'","Biomathematics, Bioinformatics, and Computational Biology","Post-master's certificate","0","-2"
"228653","The University of Texas Medical Branch at Galveston","2022","First major","'26.11'","Biomathematics, Bioinformatics, and Computational Biology","Master's degree","0","-2"
"228723","Texas A & M University-College Station","2022","First major","'26.11'","Biomathematics, Bioinformatics, and Computational Biology","Master's degree","3","-2"
"228769","The University of Texas at Arlington","2022","First major","'26.11'","Biomathematics, Bioinformatics, and Computational Biology","Doctor's degree - research/scholarship","17","-2"
"228787","The University of Texas at Dallas","2022","First major","'26.11'","Biomathematics, Bioinformatics, and Computational Biology","Master's degree","10","-2"
"228796","The University of Texas at El Paso","2022","First major","'26.11'","Biomathematics, Bioinformatics, and Computational Biology","Master's degree","8","-2"
"228909","University of North Texas Health Science Center","2022","First major","'26.11'","Biomathematics, Bioinformatics, and Computational Biology","Master's degree","0","-2"
"229027","The University of Texas at San Antonio","2022","First major","'26.11'","Biomathematics, Bioinformatics, and Computational Biology","Certificates of less than 1 year","0","-2"
"229027","The University of Texas at San Antonio","2022","First major","'26.11'","Biomathematics, Bioinformatics, and Computational Biology","Certificates of at least 12 weeks but less than 1 year","0","-2"
"229300","The University of Texas Health Science Center at Houston","2022","First major","'26.11'","Biomathematics, Bioinformatics, and Computational Biology","Master's degree","18","-2"
"229300","The University of Texas Health Science Center at Houston","2022","First major","'26.11'","Biomathematics, Bioinformatics, and Computational Biology","Doctor's degree - research/scholarship","20","-2"
"230038","Brigham Young University","2022","First major","'26.11'","Biomathematics, Bioinformatics, and Computational Biology","Bachelor's degree","33","-2"
"230038","Brigham Young University","2022","Second major","'26.11'","Biomathematics, Bioinformatics, and Computational Biology","Bachelor's degree","6","-2"
"230171","Utah Tech University","2022","First major","'26.11'","Biomathematics, Bioinformatics, and Computational Biology","Certificates of less than 1 year","0","-2"
"230171","Utah Tech University","2022","First major","'26.11'","Biomathematics, Bioinformatics, and Computational Biology","Bachelor's degree","0","-2"
"230171","Utah Tech University","2022","First major","'26.11'","Biomathematics, Bioinformatics, and Computational Biology","Certificates of at least 12 weeks but less than 1 year","0","-2"
"230764","University of Utah","2022","First major","'26.11'","Biomathematics, Bioinformatics, and Computational Biology","Master's degree","8","-2"
"231174","University of Vermont","2022","First major","'26.11'","Biomathematics, Bioinformatics, and Computational Biology","Master's degree","0","-2"
"231970","Eastern Virginia Medical School","2022","First major","'26.11'","Biomathematics, Bioinformatics, and Computational Biology","Postbaccalaureate certificate","1","-2"
"231970","Eastern Virginia Medical School","2022","First major","'26.11'","Biomathematics, Bioinformatics, and Computational Biology","Master's degree","4","-2"
"232186","George Mason University","2022","First major","'26.11'","Biomathematics, Bioinformatics, and Computational Biology","Postbaccalaureate certificate","3","-2"
"232186","George Mason University","2022","First major","'26.11'","Biomathematics, Bioinformatics, and Computational Biology","Master's degree","16","-2"
"232186","George Mason University","2022","First major","'26.11'","Biomathematics, Bioinformatics, and Computational Biology","Doctor's degree - research/scholarship","12","-2"
"233921","Virginia Polytechnic Institute and State University","2022","First major","'26.11'","Biomathematics, Bioinformatics, and Computational Biology","Bachelor's degree","9","-2"
"233921","Virginia Polytechnic Institute and State University","2022","First major","'26.11'","Biomathematics, Bioinformatics, and Computational Biology","Doctor's degree - research/scholarship","3","-2"
"234030","Virginia Commonwealth University","2022","First major","'26.11'","Biomathematics, Bioinformatics, and Computational Biology","Bachelor's degree","42","-2"
"234030","Virginia Commonwealth University","2022","First major","'26.11'","Biomathematics, Bioinformatics, and Computational Biology","Master's degree","14","-2"
"234030","Virginia Commonwealth University","2022","First major","'26.11'","Biomathematics, Bioinformatics, and Computational Biology","Doctor's degree - research/scholarship","2","-2"
"236939","Washington State University","2022","First major","'26.11'","Biomathematics, Bioinformatics, and Computational Biology","Certificates of less than 1 year","2","-2"
"236939","Washington State University","2022","First major","'26.11'","Biomathematics, Bioinformatics, and Computational Biology","Postbaccalaureate certificate","3","-2"
"236939","Washington State University","2022","First major","'26.11'","Biomathematics, Bioinformatics, and Computational Biology","Certificates of at least 12 weeks but less than 1 year","2","-2"
"236948","University of Washington-Seattle Campus","2022","First major","'26.11'","Biomathematics, Bioinformatics, and Computational Biology","Master's degree","20","-2"
"236948","University of Washington-Seattle Campus","2022","First major","'26.11'","Biomathematics, Bioinformatics, and Computational Biology","Doctor's degree - research/scholarship","6","-2"
"237066","Whitworth University","2022","First major","'26.11'","Biomathematics, Bioinformatics, and Computational Biology","Bachelor's degree","0","-2"
"238032","West Virginia University","2022","First major","'26.11'","Biomathematics, Bioinformatics, and Computational Biology","Bachelor's degree","7","-2"
"238032","West Virginia University","2022","First major","'26.11'","Biomathematics, Bioinformatics, and Computational Biology","Master's degree","2","-2"
"238263","Madison Area Technical College","2022","First major","'26.11'","Biomathematics, Bioinformatics, and Computational Biology","Postbaccalaureate certificate","0","-2"
"239105","Marquette University","2022","First major","'26.11'","Biomathematics, Bioinformatics, and Computational Biology","Bachelor's degree","1","-2"
"239105","Marquette University","2022","First major","'26.11'","Biomathematics, Bioinformatics, and Computational Biology","Master's degree","3","-2"
"239169","Medical College of Wisconsin","2022","First major","'26.11'","Biomathematics, Bioinformatics, and Computational Biology","Master's degree","0","-2"
"239169","Medical College of Wisconsin","2022","First major","'26.11'","Biomathematics, Bioinformatics, and Computational Biology","Doctor's degree - research/scholarship","1","-2"
"240444","University of Wisconsin-Madison","2022","First major","'26.11'","Biomathematics, Bioinformatics, and Computational Biology","Postbaccalaureate certificate","0","-2"
"240444","University of Wisconsin-Madison","2022","First major","'26.11'","Biomathematics, Bioinformatics, and Computational Biology","Master's degree","11","-2"
"240444","University of Wisconsin-Madison","2022","First major","'26.11'","Biomathematics, Bioinformatics, and Computational Biology","Doctor's degree - research/scholarship","1","-2"
"240453","University of Wisconsin-Milwaukee","2022","First major","'26.11'","Biomathematics, Bioinformatics, and Computational Biology","Master's degree","0","-2"
"243203","University of Puerto Rico-Medical Sciences","2022","First major","'26.11'","Biomathematics, Bioinformatics, and Computational Biology","Master's degree","5","-2"
"385415","Albert Einstein College of Medicine","2022","First major","'26.11'","Biomathematics, Bioinformatics, and Computational Biology","Master's degree","4","-2"
"385415","Albert Einstein College of Medicine","2022","First major","'26.11'","Biomathematics, Bioinformatics, and Computational Biology","Doctor's degree - research/scholarship","1","-2"
"482149","Augusta University","2022","First major","'26.11'","Biomathematics, Bioinformatics, and Computational Biology","Master's degree","0","-2"
"482149","Augusta University","2022","First major","'26.11'","Biomathematics, Bioinformatics, and Computational Biology","Doctor's degree - research/scholarship","3","-2"
"483124","Arizona State University Digital Immersion","2022","First major","'26.11'","Biomathematics, Bioinformatics, and Computational Biology","Certificates of less than 1 year","1","-2"
"483124","Arizona State University Digital Immersion","2022","First major","'26.11'","Biomathematics, Bioinformatics, and Computational Biology","Postbaccalaureate certificate","0","-2"
"483124","Arizona State University Digital Immersion","2022","First major","'26.11'","Biomathematics, Bioinformatics, and Computational Biology","Master's degree","40","-2"
"483124","Arizona State University Digital Immersion","2022","First major","'26.11'","Biomathematics, Bioinformatics, and Computational Biology","Certificates of at least 12 weeks but less than 1 year","1","-2"
"487010","The University of Tennessee Health Science Center","2022","First major","'26.11'","Biomathematics, Bioinformatics, and Computational Biology","Master's degree","0","-2"
"487010","The University of Tennessee Health Science Center","2022","First major","'26.11'","Biomathematics, Bioinformatics, and Computational Biology","Doctor's degree - research/scholarship","2","-2"
